program,run,real,user,sys
ver1,1,0.15,0.02,0.00
ver1,2,0.07,0.03,0.00
ver1,3,0.08,0.03,0.00
ver1,4,0.09,0.02,0.00
ver1,5,0.08,0.02,0.00
ver1,6,0.14,0.03,0.00
ver1,7,0.17,0.03,0.00
ver1,8,0.20,0.03,0.00
ver1,9,0.06,0.02,0.00
ver1,10,0.07,0.03,0.00
ver1,11,0.05,0.02,0.00
ver1,12,0.13,0.03,0.00
ver1,13,0.06,0.02,0.00
ver1,14,0.20,0.02,0.00
ver1,15,0.08,0.03,0.00
ver1,16,0.06,0.03,0.00
ver1,17,0.08,0.03,0.00
ver1,18,0.08,0.02,0.00
ver1,19,0.08,0.03,0.00
ver1,20,0.09,0.02,0.00
ver1,21,0.06,0.02,0.00
ver1,22,0.13,0.03,0.00
ver1,23,0.09,0.03,0.00
ver1,24,0.06,0.03,0.00
ver1,25,0.08,0.03,0.00
ver1,26,0.08,0.03,0.00
ver1,27,0.08,0.02,0.00
ver1,28,0.08,0.02,0.00
ver1,29,0.10,0.03,0.00
ver1,30,0.08,0.02,0.00
ver1,31,0.06,0.03,0.00
ver1,32,0.30,0.02,0.00
ver1,33,0.13,0.02,0.00
ver1,34,0.14,0.03,0.00
ver1,35,0.13,0.02,0.00
ver1,36,0.18,0.03,0.00
ver1,37,0.11,0.03,0.00
ver1,38,0.11,0.02,0.00
ver1,39,0.36,0.03,0.00
ver1,40,0.10,0.03,0.00
ver1,41,0.10,0.03,0.00
ver1,42,0.10,0.03,0.00
ver1,43,0.14,0.03,0.00
ver1,44,0.10,0.02,0.00
ver1,45,0.08,0.02,0.00
ver1,46,0.09,0.02,0.00
ver1,47,0.34,0.03,0.00
ver1,48,0.17,0.03,0.00
ver1,49,0.08,0.03,0.00
ver1,50,0.05,0.03,0.00
ver1,51,0.04,0.03,0.00
ver1,52,0.04,0.03,0.00
ver1,53,0.04,0.03,0.00
ver1,54,0.05,0.02,0.00
ver1,55,0.04,0.02,0.00
ver1,56,0.06,0.02,0.00
ver1,57,0.04,0.02,0.00
ver1,58,0.03,0.03,0.00
ver1,59,0.04,0.03,0.00
ver1,60,0.04,0.03,0.00
ver1,61,0.04,0.03,0.00
ver1,62,0.03,0.03,0.00
ver1,63,0.03,0.03,0.00
ver1,64,0.04,0.02,0.00
ver1,65,0.04,0.02,0.00
ver1,66,0.04,0.03,0.00
ver1,67,0.04,0.03,0.00
ver1,68,0.04,0.03,0.00
ver1,69,0.04,0.03,0.00
ver1,70,0.04,0.03,0.00
ver1,71,0.04,0.03,0.00
ver1,72,0.03,0.03,0.00
ver1,73,0.04,0.02,0.00
ver1,74,0.04,0.02,0.00
ver1,75,0.04,0.02,0.00
ver1,76,0.04,0.03,0.00
ver1,77,0.03,0.03,0.00
ver1,78,0.03,0.03,0.00
ver1,79,0.04,0.03,0.00
ver1,80,0.04,0.02,0.00
ver1,81,0.04,0.03,0.00
ver1,82,0.05,0.02,0.00
ver1,83,0.03,0.03,0.00
ver1,84,0.03,0.03,0.00
ver1,85,0.04,0.03,0.00
ver1,86,0.04,0.02,0.00
ver1,87,0.04,0.03,0.00
ver1,88,0.04,0.03,0.00
ver1,89,0.03,0.03,0.00
ver1,90,0.04,0.03,0.00
ver1,91,0.03,0.03,0.00
ver1,92,0.04,0.03,0.00
ver1,93,0.03,0.02,0.00
ver1,94,0.03,0.02,0.00
ver1,95,0.05,0.03,0.00
ver1,96,0.04,0.03,0.00
ver1,97,0.04,0.03,0.00
ver1,98,0.04,0.02,0.00
ver1,99,0.03,0.03,0.00
ver1,100,0.03,0.02,0.00
ver1,101,0.03,0.03,0.00
ver1,102,0.03,0.03,0.00
ver1,103,0.03,0.02,0.00
ver1,104,0.03,0.03,0.00
ver1,105,0.04,0.03,0.00
ver1,106,0.03,0.02,0.00
ver1,107,0.03,0.02,0.00
ver1,108,0.05,0.02,0.00
ver1,109,0.03,0.03,0.00
ver1,110,0.04,0.03,0.00
ver1,111,0.03,0.02,0.00
ver1,112,0.04,0.03,0.00
ver1,113,0.04,0.03,0.00
ver1,114,0.04,0.02,0.00
ver1,115,0.04,0.03,0.00
ver1,116,0.03,0.03,0.00
ver1,117,0.04,0.02,0.00
ver1,118,0.04,0.03,0.00
ver1,119,0.04,0.03,0.00
ver1,120,0.03,0.02,0.00
ver1,121,0.05,0.03,0.00
ver1,122,0.04,0.03,0.00
ver1,123,0.04,0.03,0.00
ver1,124,0.04,0.03,0.00
ver1,125,0.04,0.03,0.00
ver1,126,0.03,0.03,0.00
ver1,127,0.04,0.03,0.00
ver1,128,0.04,0.02,0.00
ver1,129,0.03,0.03,0.00
ver1,130,0.03,0.03,0.00
ver1,131,0.04,0.02,0.00
ver1,132,0.04,0.03,0.00
ver1,133,0.06,0.03,0.00
ver1,134,0.04,0.03,0.00
ver1,135,0.04,0.02,0.00
ver1,136,0.04,0.03,0.00
ver1,137,0.04,0.03,0.00
ver1,138,0.04,0.02,0.00
ver1,139,0.03,0.03,0.00
ver1,140,0.03,0.02,0.00
ver1,141,0.03,0.02,0.00
ver1,142,0.04,0.02,0.00
ver1,143,0.03,0.02,0.00
ver1,144,0.03,0.02,0.00
ver1,145,0.03,0.03,0.00
ver1,146,0.05,0.03,0.00
ver1,147,0.03,0.03,0.00
ver1,148,0.03,0.02,0.00
ver1,149,0.03,0.03,0.00
ver1,150,0.04,0.03,0.00
ver1,151,0.04,0.03,0.00
ver1,152,0.03,0.02,0.00
ver1,153,0.04,0.02,0.00
ver1,154,0.03,0.03,0.00
ver1,155,0.04,0.02,0.00
ver1,156,0.04,0.03,0.00
ver1,157,0.03,0.03,0.00
ver1,158,0.03,0.03,0.00
ver1,159,0.04,0.03,0.00
ver1,160,0.03,0.03,0.00
ver1,161,0.03,0.03,0.00
ver1,162,0.04,0.03,0.00
ver1,163,0.04,0.03,0.00
ver1,164,0.04,0.03,0.00
ver1,165,0.03,0.03,0.00
ver1,166,0.04,0.02,0.00
ver1,167,0.04,0.03,0.00
ver1,168,0.03,0.02,0.00
ver1,169,0.04,0.03,0.00
ver1,170,0.04,0.02,0.00
ver1,171,0.05,0.02,0.00
ver1,172,0.07,0.03,0.00
ver1,173,0.03,0.03,0.00
ver1,174,0.04,0.02,0.00
ver1,175,0.04,0.03,0.00
ver1,176,0.04,0.02,0.00
ver1,177,0.03,0.03,0.00
ver1,178,0.04,0.02,0.00
ver1,179,0.03,0.02,0.00
ver1,180,0.04,0.03,0.00
ver1,181,0.04,0.03,0.00
ver1,182,0.04,0.02,0.00
ver1,183,0.04,0.03,0.00
ver1,184,0.06,0.02,0.00
ver1,185,0.04,0.03,0.00
ver1,186,0.04,0.02,0.00
ver1,187,0.04,0.03,0.00
ver1,188,0.03,0.02,0.00
ver1,189,0.04,0.03,0.00
ver1,190,0.04,0.03,0.00
ver1,191,0.03,0.03,0.00
ver1,192,0.04,0.03,0.00
ver1,193,0.04,0.03,0.00
ver1,194,0.03,0.02,0.00
ver1,195,0.04,0.03,0.00
ver1,196,0.03,0.03,0.00
ver1,197,0.04,0.03,0.00
ver1,198,0.08,0.03,0.00
ver1,199,0.07,0.03,0.00
ver1,200,0.06,0.03,0.00
ver1,201,0.12,0.02,0.00
ver1,202,0.23,0.02,0.00
ver1,203,0.06,0.02,0.00
ver1,204,0.09,0.03,0.00
ver1,205,0.08,0.03,0.00
ver1,206,0.10,0.03,0.00
ver1,207,0.07,0.03,0.00
ver1,208,0.06,0.03,0.00
ver1,209,0.07,0.02,0.00
ver1,210,0.06,0.03,0.00
ver1,211,0.08,0.03,0.00
ver1,212,0.05,0.03,0.00
ver1,213,0.06,0.02,0.00
ver1,214,0.06,0.02,0.00
ver1,215,0.04,0.03,0.00
ver1,216,0.03,0.03,0.00
ver1,217,0.03,0.03,0.00
ver1,218,0.06,0.03,0.00
ver1,219,0.04,0.03,0.00
ver1,220,0.04,0.03,0.00
ver1,221,0.04,0.03,0.00
ver1,222,0.03,0.03,0.00
ver1,223,0.03,0.03,0.00
ver1,224,0.04,0.03,0.00
ver1,225,0.04,0.03,0.00
ver1,226,0.03,0.03,0.00
ver1,227,0.04,0.03,0.00
ver1,228,0.04,0.02,0.00
ver1,229,0.04,0.03,0.00
ver1,230,0.17,0.02,0.00
ver1,231,0.10,0.03,0.00
ver1,232,0.14,0.03,0.00
ver1,233,0.05,0.03,0.00
ver1,234,0.10,0.02,0.00
ver1,235,0.08,0.02,0.00
ver1,236,0.06,0.03,0.00
ver1,237,0.08,0.03,0.00
ver1,238,0.07,0.03,0.00
ver1,239,0.07,0.03,0.00
ver1,240,0.13,0.03,0.00
ver1,241,0.09,0.02,0.00
ver1,242,0.08,0.02,0.00
ver1,243,0.08,0.03,0.00
ver1,244,0.07,0.02,0.00
ver1,245,0.08,0.03,0.00
ver1,246,0.07,0.03,0.00
ver1,247,0.08,0.03,0.00
ver1,248,0.07,0.02,0.00
ver1,249,0.09,0.02,0.00
ver1,250,0.15,0.03,0.00
ver1,251,0.08,0.03,0.00
ver1,252,0.08,0.03,0.00
ver1,253,0.09,0.03,0.00
ver1,254,0.07,0.02,0.00
ver1,255,0.04,0.03,0.00
ver1,256,0.04,0.02,0.00
ver1,257,0.04,0.02,0.00
ver1,258,0.04,0.03,0.00
ver1,259,0.04,0.03,0.00
ver1,260,0.04,0.03,0.00
ver1,261,0.03,0.03,0.00
ver1,262,0.03,0.03,0.00
ver1,263,0.04,0.03,0.00
ver1,264,0.04,0.03,0.00
ver1,265,0.04,0.03,0.00
ver1,266,0.03,0.03,0.00
ver1,267,0.03,0.02,0.00
ver1,268,0.04,0.03,0.00
ver1,269,0.04,0.02,0.00
ver1,270,0.03,0.02,0.00
ver1,271,0.03,0.03,0.00
ver1,272,0.04,0.03,0.00
ver1,273,0.03,0.02,0.00
ver1,274,0.03,0.03,0.00
ver1,275,0.04,0.02,0.00
ver1,276,0.04,0.03,0.00
ver1,277,0.04,0.03,0.00
ver1,278,0.04,0.03,0.00
ver1,279,0.04,0.03,0.00
ver1,280,0.04,0.03,0.00
ver1,281,0.03,0.03,0.00
ver1,282,0.06,0.03,0.00
ver1,283,0.03,0.02,0.00
ver1,284,0.03,0.03,0.00
ver1,285,0.04,0.03,0.00
ver1,286,0.04,0.03,0.00
ver1,287,0.04,0.03,0.00
ver1,288,0.04,0.03,0.00
ver1,289,0.04,0.03,0.00
ver1,290,0.04,0.03,0.00
ver1,291,0.03,0.03,0.00
ver1,292,0.04,0.02,0.00
ver1,293,0.04,0.03,0.00
ver1,294,0.06,0.03,0.00
ver1,295,0.04,0.02,0.00
ver1,296,0.03,0.03,0.00
ver1,297,0.03,0.03,0.00
ver1,298,0.03,0.03,0.00
ver1,299,0.03,0.03,0.00
ver1,300,0.04,0.03,0.00
ver1,301,0.03,0.03,0.00
ver1,302,0.04,0.03,0.00
ver1,303,0.04,0.03,0.00
ver1,304,0.04,0.03,0.00
ver1,305,0.03,0.02,0.00
ver1,306,0.03,0.03,0.00
ver1,307,0.03,0.03,0.00
ver1,308,0.03,0.02,0.00
ver1,309,0.03,0.03,0.00
ver1,310,0.03,0.03,0.00
ver1,311,0.04,0.03,0.00
ver1,312,0.04,0.03,0.00
ver1,313,0.04,0.03,0.00
ver1,314,0.03,0.03,0.00
ver1,315,0.04,0.03,0.00
ver1,316,0.03,0.03,0.00
ver1,317,0.03,0.02,0.00
ver1,318,0.04,0.03,0.00
ver1,319,0.04,0.03,0.00
ver1,320,0.04,0.03,0.00
ver1,321,0.03,0.03,0.00
ver1,322,0.03,0.03,0.00
ver1,323,0.03,0.03,0.00
ver1,324,0.03,0.03,0.00
ver1,325,0.04,0.02,0.00
ver1,326,0.03,0.02,0.00
ver1,327,0.04,0.02,0.00
ver1,328,0.03,0.03,0.00
ver1,329,0.04,0.03,0.00
ver1,330,0.03,0.02,0.00
ver1,331,0.03,0.03,0.00
ver1,332,0.03,0.02,0.00
ver1,333,0.04,0.03,0.00
ver1,334,0.03,0.03,0.00
ver1,335,0.03,0.02,0.00
ver1,336,0.03,0.03,0.00
ver1,337,0.04,0.02,0.00
ver1,338,0.03,0.03,0.00
ver1,339,0.03,0.03,0.00
ver1,340,0.03,0.03,0.00
ver1,341,0.04,0.03,0.00
ver1,342,0.03,0.02,0.00
ver1,343,0.04,0.02,0.00
ver1,344,0.03,0.02,0.00
ver1,345,0.03,0.03,0.00
ver1,346,0.03,0.02,0.00
ver1,347,0.03,0.03,0.00
ver1,348,0.04,0.03,0.00
ver1,349,0.04,0.03,0.00
ver1,350,0.04,0.03,0.00
ver1,351,0.03,0.02,0.00
ver1,352,0.03,0.03,0.00
ver1,353,0.04,0.03,0.00
ver1,354,0.03,0.03,0.00
ver1,355,0.03,0.03,0.00
ver1,356,0.03,0.03,0.00
ver1,357,0.05,0.02,0.00
ver1,358,0.03,0.02,0.00
ver1,359,0.04,0.03,0.00
ver1,360,0.03,0.02,0.00
ver1,361,0.04,0.03,0.00
ver1,362,0.04,0.03,0.00
ver1,363,0.04,0.03,0.00
ver1,364,0.03,0.03,0.00
ver1,365,0.04,0.02,0.00
ver1,366,0.03,0.02,0.00
ver1,367,0.04,0.02,0.00
ver1,368,0.04,0.02,0.00
ver1,369,0.03,0.03,0.00
ver1,370,0.04,0.02,0.00
ver1,371,0.04,0.03,0.00
ver1,372,0.05,0.03,0.00
ver1,373,0.03,0.02,0.00
ver1,374,0.03,0.02,0.00
ver1,375,0.04,0.03,0.00
ver1,376,0.03,0.03,0.00
ver1,377,0.04,0.02,0.00
ver1,378,0.03,0.03,0.00
ver1,379,0.03,0.03,0.00
ver1,380,0.04,0.02,0.00
ver1,381,0.04,0.03,0.00
ver1,382,0.04,0.03,0.00
ver1,383,0.04,0.03,0.00
ver1,384,0.04,0.02,0.00
ver1,385,0.05,0.03,0.00
ver1,386,0.04,0.03,0.00
ver1,387,0.03,0.02,0.00
ver1,388,0.03,0.03,0.00
ver1,389,0.04,0.03,0.00
ver1,390,0.04,0.03,0.00
ver1,391,0.04,0.03,0.00
ver1,392,0.03,0.02,0.00
ver1,393,0.03,0.03,0.00
ver1,394,0.03,0.03,0.00
ver1,395,0.04,0.02,0.00
ver1,396,0.04,0.02,0.00
ver1,397,0.04,0.03,0.00
ver1,398,0.06,0.03,0.00
ver1,399,0.04,0.03,0.00
ver1,400,0.03,0.03,0.00
ver1,401,0.03,0.03,0.00
ver1,402,0.04,0.03,0.00
ver1,403,0.03,0.02,0.00
ver1,404,0.03,0.03,0.00
ver1,405,0.04,0.03,0.00
ver1,406,0.03,0.03,0.00
ver1,407,0.03,0.03,0.00
ver1,408,0.03,0.02,0.00
ver1,409,0.04,0.03,0.00
ver1,410,0.04,0.03,0.00
ver1,411,0.04,0.03,0.00
ver1,412,0.03,0.03,0.00
ver1,413,0.04,0.03,0.00
ver1,414,0.04,0.03,0.00
ver1,415,0.04,0.03,0.00
ver1,416,0.04,0.03,0.00
ver1,417,0.03,0.03,0.00
ver1,418,0.03,0.03,0.00
ver1,419,0.03,0.03,0.00
ver1,420,0.03,0.03,0.00
ver1,421,0.04,0.03,0.00
ver1,422,0.04,0.02,0.00
ver1,423,0.03,0.03,0.00
ver1,424,0.04,0.02,0.00
ver1,425,0.03,0.03,0.00
ver1,426,0.03,0.02,0.00
ver1,427,0.03,0.03,0.00
ver1,428,0.04,0.03,0.00
ver1,429,0.03,0.03,0.00
ver1,430,0.03,0.03,0.00
ver1,431,0.04,0.03,0.00
ver1,432,0.03,0.02,0.00
ver1,433,0.05,0.02,0.00
ver1,434,0.10,0.03,0.00
ver1,435,0.21,0.03,0.00
ver1,436,0.07,0.03,0.00
ver1,437,0.09,0.02,0.00
ver1,438,0.09,0.02,0.00
ver1,439,0.07,0.02,0.00
ver1,440,0.07,0.03,0.00
ver1,441,0.08,0.03,0.00
ver1,442,0.08,0.03,0.00
ver1,443,0.11,0.03,0.00
ver1,444,0.17,0.02,0.00
ver1,445,0.09,0.03,0.00
ver1,446,0.04,0.03,0.00
ver1,447,0.04,0.03,0.00
ver1,448,0.03,0.03,0.00
ver1,449,0.04,0.02,0.00
ver1,450,0.03,0.02,0.00
ver1,451,0.03,0.03,0.00
ver1,452,0.04,0.03,0.00
ver1,453,0.06,0.03,0.00
ver1,454,0.08,0.03,0.00
ver1,455,0.07,0.03,0.00
ver1,456,0.20,0.02,0.00
ver1,457,0.14,0.03,0.00
ver1,458,0.11,0.03,0.00
ver1,459,0.04,0.02,0.00
ver1,460,0.04,0.02,0.00
ver1,461,0.03,0.03,0.00
ver1,462,0.03,0.03,0.00
ver1,463,0.03,0.02,0.00
ver1,464,0.03,0.02,0.00
ver1,465,0.04,0.03,0.00
ver1,466,0.03,0.03,0.00
ver1,467,0.04,0.03,0.00
ver1,468,0.03,0.03,0.00
ver1,469,0.04,0.03,0.00
ver1,470,0.04,0.03,0.00
ver1,471,0.04,0.03,0.00
ver1,472,0.03,0.02,0.00
ver1,473,0.04,0.03,0.00
ver1,474,0.04,0.03,0.00
ver1,475,0.04,0.02,0.00
ver1,476,0.03,0.03,0.00
ver1,477,0.03,0.02,0.00
ver1,478,0.04,0.03,0.00
ver1,479,0.04,0.02,0.00
ver1,480,0.03,0.02,0.00
ver1,481,0.03,0.03,0.00
ver1,482,0.03,0.02,0.00
ver1,483,0.03,0.03,0.00
ver1,484,0.05,0.02,0.00
ver1,485,0.03,0.03,0.00
ver1,486,0.04,0.03,0.00
ver1,487,0.04,0.03,0.00
ver1,488,0.04,0.03,0.00
ver1,489,0.05,0.03,0.00
ver1,490,0.06,0.03,0.00
ver1,491,0.05,0.02,0.00
ver1,492,0.04,0.03,0.00
ver1,493,0.04,0.02,0.00
ver1,494,0.04,0.03,0.00
ver1,495,0.04,0.02,0.00
ver1,496,0.04,0.02,0.00
ver1,497,0.04,0.03,0.00
ver1,498,0.04,0.02,0.00
ver1,499,0.05,0.03,0.00
ver1,500,0.04,0.03,0.00
ver1,501,0.03,0.02,0.00
ver1,502,0.04,0.03,0.00
ver1,503,0.03,0.03,0.00
ver1,504,0.03,0.03,0.00
ver1,505,0.03,0.03,0.00
ver1,506,0.04,0.03,0.00
ver1,507,0.04,0.03,0.00
ver1,508,0.04,0.03,0.00
ver1,509,0.04,0.03,0.00
ver1,510,0.03,0.02,0.00
ver1,511,0.04,0.03,0.00
ver1,512,0.04,0.03,0.00
ver1,513,0.04,0.02,0.00
ver1,514,0.04,0.03,0.00
ver1,515,0.03,0.03,0.00
ver1,516,0.03,0.02,0.00
ver1,517,0.03,0.02,0.00
ver1,518,0.03,0.03,0.00
ver1,519,0.03,0.02,0.00
ver1,520,0.04,0.03,0.00
ver1,521,0.03,0.03,0.00
ver1,522,0.04,0.02,0.00
ver1,523,0.04,0.02,0.00
ver1,524,0.04,0.03,0.00
ver1,525,0.03,0.02,0.00
ver1,526,0.06,0.02,0.00
ver1,527,0.04,0.02,0.00
ver1,528,0.03,0.03,0.00
ver1,529,0.03,0.03,0.00
ver1,530,0.03,0.03,0.00
ver1,531,0.03,0.03,0.00
ver1,532,0.04,0.03,0.00
ver1,533,0.03,0.03,0.00
ver1,534,0.03,0.03,0.00
ver1,535,0.04,0.02,0.00
ver1,536,0.03,0.03,0.00
ver1,537,0.03,0.03,0.00
ver1,538,0.03,0.03,0.00
ver1,539,0.07,0.03,0.00
ver1,540,0.03,0.03,0.00
ver1,541,0.04,0.03,0.00
ver1,542,0.03,0.02,0.00
ver1,543,0.03,0.03,0.00
ver1,544,0.03,0.02,0.00
ver1,545,0.04,0.02,0.00
ver1,546,0.04,0.02,0.00
ver1,547,0.04,0.03,0.00
ver1,548,0.04,0.03,0.00
ver1,549,0.04,0.03,0.00
ver1,550,0.04,0.03,0.00
ver1,551,0.03,0.03,0.00
ver1,552,0.06,0.02,0.00
ver1,553,0.03,0.03,0.00
ver1,554,0.03,0.02,0.00
ver1,555,0.04,0.02,0.00
ver1,556,0.03,0.02,0.00
ver1,557,0.04,0.03,0.00
ver1,558,0.04,0.02,0.00
ver1,559,0.04,0.02,0.00
ver1,560,0.04,0.03,0.00
ver1,561,0.03,0.03,0.00
ver1,562,0.03,0.02,0.00
ver1,563,0.04,0.02,0.00
ver1,564,0.04,0.02,0.00
ver1,565,0.05,0.03,0.00
ver1,566,0.04,0.03,0.00
ver1,567,0.04,0.03,0.00
ver1,568,0.04,0.03,0.00
ver1,569,0.03,0.03,0.00
ver1,570,0.04,0.03,0.00
ver1,571,0.03,0.03,0.00
ver1,572,0.03,0.03,0.00
ver1,573,0.03,0.02,0.00
ver1,574,0.03,0.02,0.00
ver1,575,0.03,0.03,0.00
ver1,576,0.03,0.02,0.00
ver1,577,0.06,0.03,0.00
ver1,578,0.04,0.03,0.00
ver1,579,0.04,0.03,0.00
ver1,580,0.04,0.02,0.00
ver1,581,0.05,0.03,0.00
ver1,582,0.04,0.02,0.00
ver1,583,0.04,0.02,0.00
ver1,584,0.03,0.03,0.00
ver1,585,0.04,0.02,0.00
ver1,586,0.04,0.03,0.00
ver1,587,0.04,0.03,0.00
ver1,588,0.04,0.03,0.00
ver1,589,0.04,0.02,0.00
ver1,590,0.05,0.03,0.00
ver1,591,0.04,0.02,0.00
ver1,592,0.04,0.02,0.00
ver1,593,0.04,0.03,0.00
ver1,594,0.03,0.03,0.00
ver1,595,0.03,0.03,0.00
ver1,596,0.03,0.02,0.00
ver1,597,0.03,0.02,0.00
ver1,598,0.04,0.02,0.00
ver1,599,0.04,0.02,0.00
ver1,600,0.03,0.02,0.00
ver1,601,0.04,0.03,0.00
ver1,602,0.03,0.02,0.00
ver1,603,0.04,0.02,0.00
ver1,604,0.04,0.02,0.00
ver1,605,0.03,0.03,0.00
ver1,606,0.03,0.02,0.00
ver1,607,0.03,0.03,0.00
ver1,608,0.03,0.03,0.00
ver1,609,0.04,0.03,0.00
ver1,610,0.05,0.03,0.00
ver1,611,0.03,0.03,0.00
ver1,612,0.04,0.03,0.00
ver1,613,0.04,0.02,0.00
ver1,614,0.04,0.02,0.00
ver1,615,0.03,0.02,0.00
ver1,616,0.03,0.02,0.00
ver1,617,0.04,0.03,0.00
ver1,618,0.03,0.02,0.00
ver1,619,0.03,0.03,0.00
ver1,620,0.03,0.03,0.00
ver1,621,0.03,0.03,0.00
ver1,622,0.03,0.02,0.00
ver1,623,0.03,0.03,0.00
ver1,624,0.05,0.03,0.00
ver1,625,0.03,0.02,0.00
ver1,626,0.03,0.02,0.00
ver1,627,0.03,0.02,0.00
ver1,628,0.03,0.02,0.00
ver1,629,0.03,0.02,0.00
ver1,630,0.04,0.03,0.00
ver1,631,0.04,0.02,0.00
ver1,632,0.03,0.03,0.00
ver1,633,0.05,0.02,0.00
ver1,634,0.04,0.03,0.00
ver1,635,0.05,0.03,0.00
ver1,636,0.04,0.03,0.00
ver1,637,0.06,0.03,0.00
ver1,638,0.04,0.02,0.00
ver1,639,0.03,0.03,0.00
ver1,640,0.03,0.02,0.00
ver1,641,0.04,0.02,0.00
ver1,642,0.03,0.02,0.00
ver1,643,0.03,0.03,0.00
ver1,644,0.03,0.03,0.00
ver1,645,0.03,0.03,0.00
ver1,646,0.03,0.03,0.00
ver1,647,0.04,0.03,0.00
ver1,648,0.04,0.03,0.00
ver1,649,0.03,0.02,0.00
ver1,650,0.03,0.02,0.00
ver1,651,0.03,0.02,0.00
ver1,652,0.03,0.03,0.00
ver1,653,0.03,0.02,0.00
ver1,654,0.03,0.03,0.00
ver1,655,0.03,0.02,0.00
ver1,656,0.03,0.03,0.00
ver1,657,0.04,0.02,0.00
ver1,658,0.04,0.03,0.00
ver1,659,0.04,0.02,0.00
ver1,660,0.03,0.03,0.00
ver1,661,0.04,0.02,0.00
ver1,662,0.04,0.03,0.00
ver1,663,0.03,0.03,0.00
ver1,664,0.04,0.03,0.00
ver1,665,0.05,0.02,0.00
ver1,666,0.04,0.03,0.00
ver1,667,0.04,0.03,0.00
ver1,668,0.04,0.02,0.00
ver1,669,0.04,0.02,0.00
ver1,670,0.04,0.03,0.00
ver1,671,0.07,0.02,0.00
ver1,672,0.04,0.03,0.00
ver1,673,0.04,0.03,0.00
ver1,674,0.03,0.02,0.00
ver1,675,0.04,0.03,0.00
ver1,676,0.03,0.03,0.00
ver1,677,0.03,0.02,0.00
ver1,678,0.03,0.02,0.00
ver1,679,0.03,0.02,0.00
ver1,680,0.03,0.03,0.00
ver1,681,0.03,0.02,0.00
ver1,682,0.04,0.03,0.00
ver1,683,0.03,0.02,0.00
ver1,684,0.03,0.02,0.00
ver1,685,0.05,0.03,0.00
ver1,686,0.04,0.02,0.00
ver1,687,0.04,0.02,0.00
ver1,688,0.04,0.03,0.00
ver1,689,0.03,0.03,0.00
ver1,690,0.03,0.02,0.00
ver1,691,0.03,0.02,0.00
ver1,692,0.03,0.03,0.00
ver1,693,0.03,0.03,0.00
ver1,694,0.03,0.02,0.00
ver1,695,0.04,0.02,0.00
ver1,696,0.03,0.03,0.00
ver1,697,0.05,0.03,0.00
ver1,698,0.04,0.03,0.00
ver1,699,0.04,0.03,0.00
ver1,700,0.04,0.03,0.00
ver1,701,0.04,0.03,0.00
ver1,702,0.03,0.03,0.00
ver1,703,0.04,0.03,0.00
ver1,704,0.03,0.03,0.00
ver1,705,0.03,0.03,0.00
ver1,706,0.04,0.03,0.00
ver1,707,0.04,0.03,0.00
ver1,708,0.03,0.02,0.00
ver1,709,0.03,0.03,0.00
ver1,710,0.03,0.02,0.00
ver1,711,0.06,0.03,0.00
ver1,712,0.04,0.02,0.00
ver1,713,0.03,0.02,0.00
ver1,714,0.04,0.03,0.00
ver1,715,0.03,0.03,0.00
ver1,716,0.03,0.03,0.00
ver1,717,0.04,0.02,0.00
ver1,718,0.03,0.03,0.00
ver1,719,0.04,0.03,0.00
ver1,720,0.03,0.02,0.00
ver1,721,0.03,0.03,0.00
ver1,722,0.04,0.03,0.00
ver1,723,0.03,0.03,0.00
ver1,724,0.03,0.03,0.00
ver1,725,0.03,0.03,0.00
ver1,726,0.03,0.03,0.00
ver1,727,0.04,0.03,0.00
ver1,728,0.04,0.03,0.00
ver1,729,0.04,0.02,0.00
ver1,730,0.04,0.02,0.00
ver1,731,0.03,0.03,0.00
ver1,732,0.04,0.03,0.00
ver1,733,0.03,0.02,0.00
ver1,734,0.04,0.03,0.00
ver1,735,0.03,0.02,0.00
ver1,736,0.03,0.02,0.00
ver1,737,0.04,0.03,0.00
ver1,738,0.04,0.03,0.00
ver1,739,0.03,0.02,0.00
ver1,740,0.03,0.03,0.00
ver1,741,0.04,0.03,0.00
ver1,742,0.03,0.03,0.00
ver1,743,0.04,0.02,0.00
ver1,744,0.04,0.02,0.00
ver1,745,0.03,0.03,0.00
ver1,746,0.04,0.03,0.00
ver1,747,0.03,0.02,0.00
ver1,748,0.04,0.03,0.00
ver1,749,0.03,0.02,0.00
ver1,750,0.03,0.02,0.00
ver1,751,0.03,0.03,0.00
ver1,752,0.03,0.03,0.00
ver1,753,0.03,0.02,0.00
ver1,754,0.04,0.02,0.00
ver1,755,0.03,0.03,0.00
ver1,756,0.03,0.02,0.00
ver1,757,0.03,0.03,0.00
ver1,758,0.03,0.03,0.00
ver1,759,0.04,0.02,0.00
ver1,760,0.04,0.03,0.00
ver1,761,0.03,0.03,0.00
ver1,762,0.03,0.02,0.00
ver1,763,0.03,0.03,0.00
ver1,764,0.03,0.03,0.00
ver1,765,0.04,0.03,0.00
ver1,766,0.04,0.03,0.00
ver1,767,0.04,0.03,0.00
ver1,768,0.04,0.02,0.00
ver1,769,0.03,0.02,0.00
ver1,770,0.04,0.02,0.00
ver1,771,0.04,0.03,0.00
ver1,772,0.04,0.02,0.00
ver1,773,0.04,0.03,0.00
ver1,774,0.04,0.03,0.00
ver1,775,0.04,0.02,0.00
ver1,776,0.03,0.03,0.00
ver1,777,0.05,0.03,0.00
ver1,778,0.03,0.03,0.00
ver1,779,0.03,0.02,0.00
ver1,780,0.03,0.02,0.00
ver1,781,0.04,0.02,0.00
ver1,782,0.03,0.03,0.00
ver1,783,0.03,0.03,0.00
ver1,784,0.04,0.03,0.00
ver1,785,0.04,0.02,0.00
ver1,786,0.03,0.02,0.00
ver1,787,0.03,0.03,0.00
ver1,788,0.04,0.02,0.00
ver1,789,0.04,0.03,0.00
ver1,790,0.04,0.03,0.00
ver1,791,0.05,0.03,0.00
ver1,792,0.03,0.03,0.00
ver1,793,0.03,0.02,0.00
ver1,794,0.03,0.03,0.00
ver1,795,0.04,0.02,0.00
ver1,796,0.04,0.02,0.00
ver1,797,0.03,0.03,0.00
ver1,798,0.04,0.03,0.00
ver1,799,0.04,0.02,0.00
ver1,800,0.03,0.02,0.00
ver1,801,0.03,0.02,0.00
ver1,802,0.04,0.02,0.00
ver1,803,0.04,0.03,0.00
ver1,804,0.03,0.02,0.00
ver1,805,0.03,0.03,0.00
ver1,806,0.03,0.03,0.00
ver1,807,0.03,0.02,0.00
ver1,808,0.03,0.03,0.00
ver1,809,0.03,0.03,0.00
ver1,810,0.04,0.03,0.00
ver1,811,0.04,0.02,0.00
ver1,812,0.04,0.03,0.00
ver1,813,0.04,0.03,0.00
ver1,814,0.03,0.02,0.00
ver1,815,0.04,0.02,0.00
ver1,816,0.04,0.02,0.00
ver1,817,0.03,0.03,0.00
ver1,818,0.03,0.03,0.00
ver1,819,0.03,0.02,0.00
ver1,820,0.03,0.03,0.00
ver1,821,0.04,0.02,0.00
ver1,822,0.03,0.03,0.00
ver1,823,0.03,0.02,0.00
ver1,824,0.03,0.03,0.00
ver1,825,0.03,0.02,0.00
ver1,826,0.04,0.03,0.00
ver1,827,0.04,0.03,0.00
ver1,828,0.04,0.03,0.00
ver1,829,0.04,0.02,0.00
ver1,830,0.04,0.03,0.00
ver1,831,0.04,0.03,0.00
ver1,832,0.04,0.02,0.00
ver1,833,0.04,0.02,0.00
ver1,834,0.04,0.02,0.00
ver1,835,0.04,0.03,0.00
ver1,836,0.05,0.03,0.00
ver1,837,0.03,0.02,0.00
ver1,838,0.04,0.03,0.00
ver1,839,0.03,0.03,0.00
ver1,840,0.04,0.03,0.00
ver1,841,0.03,0.02,0.00
ver1,842,0.04,0.03,0.00
ver1,843,0.04,0.03,0.00
ver1,844,0.03,0.03,0.00
ver1,845,0.03,0.03,0.00
ver1,846,0.04,0.03,0.00
ver1,847,0.03,0.02,0.00
ver1,848,0.03,0.03,0.00
ver1,849,0.04,0.03,0.00
ver1,850,0.04,0.03,0.00
ver1,851,0.03,0.02,0.00
ver1,852,0.03,0.03,0.00
ver1,853,0.04,0.03,0.00
ver1,854,0.04,0.03,0.00
ver1,855,0.03,0.02,0.00
ver1,856,0.03,0.03,0.00
ver1,857,0.03,0.03,0.00
ver1,858,0.03,0.02,0.00
ver1,859,0.04,0.02,0.00
ver1,860,0.04,0.03,0.00
ver1,861,0.04,0.03,0.00
ver1,862,0.04,0.03,0.00
ver1,863,0.04,0.03,0.00
ver1,864,0.04,0.02,0.00
ver1,865,0.04,0.03,0.00
ver1,866,0.03,0.02,0.00
ver1,867,0.04,0.03,0.00
ver1,868,0.03,0.02,0.00
ver1,869,0.04,0.03,0.00
ver1,870,0.04,0.03,0.00
ver1,871,0.03,0.02,0.00
ver1,872,0.03,0.03,0.00
ver1,873,0.03,0.03,0.00
ver1,874,0.04,0.03,0.00
ver1,875,0.03,0.03,0.00
ver1,876,0.04,0.02,0.00
ver1,877,0.04,0.02,0.00
ver1,878,0.03,0.02,0.00
ver1,879,0.04,0.02,0.00
ver1,880,0.03,0.03,0.00
ver1,881,0.03,0.03,0.00
ver1,882,0.04,0.03,0.00
ver1,883,0.03,0.02,0.00
ver1,884,0.03,0.02,0.00
ver1,885,0.03,0.03,0.00
ver1,886,0.03,0.02,0.00
ver1,887,0.04,0.02,0.00
ver1,888,0.03,0.02,0.00
ver1,889,0.03,0.03,0.00
ver1,890,0.03,0.03,0.00
ver1,891,0.03,0.03,0.00
ver1,892,0.04,0.02,0.00
ver1,893,0.04,0.02,0.00
ver1,894,0.03,0.03,0.00
ver1,895,0.04,0.02,0.00
ver1,896,0.03,0.02,0.00
ver1,897,0.03,0.03,0.00
ver1,898,0.03,0.03,0.00
ver1,899,0.03,0.03,0.00
ver1,900,0.03,0.02,0.00
ver1,901,0.04,0.03,0.00
ver1,902,0.06,0.03,0.00
ver1,903,0.03,0.02,0.00
ver1,904,0.04,0.02,0.00
ver1,905,0.03,0.03,0.00
ver1,906,0.03,0.03,0.00
ver1,907,0.04,0.03,0.00
ver1,908,0.03,0.02,0.00
ver1,909,0.03,0.03,0.00
ver1,910,0.04,0.03,0.00
ver1,911,0.04,0.03,0.00
ver1,912,0.04,0.03,0.00
ver1,913,0.03,0.03,0.00
ver1,914,0.03,0.03,0.00
ver1,915,0.04,0.03,0.00
ver1,916,0.03,0.03,0.00
ver1,917,0.04,0.03,0.00
ver1,918,0.04,0.02,0.00
ver1,919,0.03,0.03,0.00
ver1,920,0.03,0.03,0.00
ver1,921,0.03,0.03,0.00
ver1,922,0.03,0.02,0.00
ver1,923,0.03,0.02,0.00
ver1,924,0.04,0.03,0.00
ver1,925,0.03,0.03,0.00
ver1,926,0.04,0.02,0.00
ver1,927,0.03,0.03,0.00
ver1,928,0.05,0.03,0.00
ver1,929,0.03,0.03,0.00
ver1,930,0.03,0.02,0.00
ver1,931,0.03,0.03,0.00
ver1,932,0.03,0.03,0.00
ver1,933,0.04,0.03,0.00
ver1,934,0.04,0.03,0.00
ver1,935,0.04,0.03,0.00
ver1,936,0.03,0.03,0.00
ver1,937,0.04,0.03,0.00
ver1,938,0.03,0.02,0.00
ver1,939,0.03,0.02,0.00
ver1,940,0.03,0.02,0.00
ver1,941,0.04,0.02,0.00
ver1,942,0.05,0.03,0.00
ver1,943,0.04,0.02,0.00
ver1,944,0.04,0.03,0.00
ver1,945,0.03,0.03,0.00
ver1,946,0.04,0.03,0.00
ver1,947,0.04,0.02,0.00
ver1,948,0.04,0.03,0.00
ver1,949,0.04,0.03,0.00
ver1,950,0.04,0.03,0.00
ver1,951,0.04,0.02,0.00
ver1,952,0.03,0.03,0.00
ver1,953,0.03,0.03,0.00
ver1,954,0.05,0.02,0.00
ver1,955,0.03,0.02,0.00
ver1,956,0.04,0.03,0.00
ver1,957,0.03,0.02,0.00
ver1,958,0.04,0.03,0.00
ver1,959,0.03,0.03,0.00
ver1,960,0.03,0.02,0.00
ver1,961,0.03,0.02,0.00
ver1,962,0.04,0.03,0.00
ver1,963,0.03,0.03,0.00
ver1,964,0.03,0.03,0.00
ver1,965,0.03,0.03,0.00
ver1,966,0.04,0.03,0.00
ver1,967,0.07,0.03,0.00
ver1,968,0.03,0.03,0.00
ver1,969,0.04,0.03,0.00
ver1,970,0.03,0.03,0.00
ver1,971,0.04,0.02,0.00
ver1,972,0.03,0.03,0.00
ver1,973,0.04,0.03,0.00
ver1,974,0.03,0.03,0.00
ver1,975,0.04,0.03,0.00
ver1,976,0.03,0.03,0.00
ver1,977,0.04,0.02,0.00
ver1,978,0.03,0.02,0.00
ver1,979,0.03,0.03,0.00
ver1,980,0.05,0.03,0.00
ver1,981,0.03,0.03,0.00
ver1,982,0.03,0.02,0.00
ver1,983,0.04,0.02,0.00
ver1,984,0.03,0.03,0.00
ver1,985,0.03,0.02,0.00
ver1,986,0.03,0.02,0.00
ver1,987,0.03,0.02,0.00
ver1,988,0.03,0.02,0.00
ver1,989,0.04,0.03,0.00
ver1,990,0.03,0.02,0.00
ver1,991,0.03,0.02,0.00
ver1,992,0.03,0.02,0.00
ver1,993,0.04,0.02,0.00
ver1,994,0.04,0.03,0.00
ver1,995,0.04,0.03,0.00
ver1,996,0.03,0.03,0.00
ver1,997,0.03,0.03,0.00
ver1,998,0.03,0.02,0.00
ver1,999,0.04,0.03,0.00
ver1,1000,0.04,0.02,0.00
ver2,1,24.66,0.08,0.74
ver2,2,2.28,0.08,0.45
ver2,3,2.41,0.08,0.46
ver2,4,1.84,0.07,0.45
ver2,5,1.35,0.08,0.43
ver2,6,1.58,0.09,0.43
ver2,7,1.56,0.08,0.42
ver2,8,3.42,0.06,0.46
ver2,9,1.94,0.09,0.43
ver2,10,2.31,0.09,0.42
ver2,11,1.61,0.07,0.44
ver2,12,1.68,0.08,0.43
ver2,13,1.67,0.07,0.45
ver2,14,1.59,0.08,0.43
ver2,15,1.64,0.09,0.42
ver2,16,3.38,0.10,0.43
ver2,17,3.08,0.06,0.46
ver2,18,1.73,0.07,0.46
ver2,19,2.47,0.07,0.45
ver2,20,2.61,0.08,0.44
ver2,21,3.70,0.08,0.46
ver2,22,1.43,0.09,0.42
ver2,23,1.02,0.08,0.41
ver2,24,1.62,0.09,0.43
ver2,25,2.16,0.09,0.41
ver2,26,2.88,0.09,0.42
ver2,27,2.12,0.08,0.44
ver2,28,2.76,0.09,0.42
ver2,29,2.51,0.09,0.43
ver2,30,2.00,0.07,0.44
ver2,31,1.27,0.07,0.43
ver2,32,1.79,0.10,0.43
ver2,33,1.18,0.08,0.43
ver2,34,2.20,0.08,0.45
ver2,35,1.72,0.09,0.42
ver2,36,3.17,0.07,0.46
ver2,37,1.87,0.09,0.43
ver2,38,1.31,0.10,0.40
ver2,39,3.26,0.08,0.45
ver2,40,2.18,0.08,0.44
ver2,41,1.81,0.09,0.43
ver2,42,1.50,0.09,0.42
ver2,43,2.34,0.09,0.43
ver2,44,1.81,0.07,0.45
ver2,45,2.05,0.08,0.44
ver2,46,3.22,0.09,0.45
ver2,47,3.01,0.07,0.46
ver2,48,2.56,0.08,0.45
ver2,49,2.17,0.08,0.44
ver2,50,1.45,0.08,0.42
ver2,51,2.60,0.08,0.44
ver2,52,2.29,0.09,0.43
ver2,53,1.22,0.08,0.43
ver2,54,1.55,0.08,0.42
ver2,55,1.66,0.08,0.44
ver2,56,1.63,0.08,0.43
ver2,57,4.65,0.11,0.44
ver2,58,4.67,0.08,0.48
ver2,59,2.28,0.08,0.44
ver2,60,2.61,0.08,0.45
ver2,61,2.94,0.09,0.44
ver2,62,1.93,0.10,0.41
ver2,63,3.70,0.08,0.46
ver2,64,1.90,0.09,0.43
ver2,65,2.72,0.07,0.46
ver2,66,1.99,0.07,0.44
ver2,67,2.52,0.08,0.45
ver2,68,3.16,0.10,0.44
ver2,69,1.52,0.09,0.43
ver2,70,2.04,0.07,0.45
ver2,71,1.23,0.08,0.44
ver2,72,2.97,0.08,0.45
ver2,73,2.22,0.08,0.45
ver2,74,1.31,0.10,0.41
ver2,75,1.57,0.08,0.42
ver2,76,1.27,0.08,0.43
ver2,77,2.42,0.08,0.44
ver2,78,2.84,0.09,0.42
ver2,79,1.79,0.09,0.43
ver2,80,1.71,0.08,0.42
ver2,81,1.38,0.07,0.42
ver2,82,1.98,0.09,0.42
ver2,83,1.77,0.07,0.44
ver2,84,1.99,0.08,0.43
ver2,85,1.54,0.07,0.44
ver2,86,1.04,0.11,0.39
ver2,87,1.32,0.09,0.41
ver2,88,1.64,0.09,0.42
ver2,89,1.57,0.08,0.43
ver2,90,1.26,0.08,0.42
ver2,91,1.88,0.09,0.43
ver2,92,1.17,0.08,0.44
ver2,93,1.98,0.09,0.43
ver2,94,1.48,0.07,0.44
ver2,95,1.65,0.09,0.44
ver2,96,1.20,0.10,0.41
ver2,97,2.54,0.09,0.43
ver2,98,1.97,0.08,0.42
ver2,99,1.29,0.09,0.42
ver2,100,1.97,0.08,0.44
ver2,101,1.84,0.09,0.43
ver2,102,2.14,0.09,0.43
ver2,103,2.22,0.09,0.43
ver2,104,1.67,0.08,0.42
ver2,105,1.54,0.08,0.43
ver2,106,2.54,0.10,0.42
ver2,107,2.82,0.07,0.45
ver2,108,2.30,0.08,0.43
ver2,109,3.01,0.08,0.44
ver2,110,2.14,0.08,0.43
ver2,111,2.03,0.07,0.44
ver2,112,2.72,0.09,0.43
ver2,113,1.87,0.08,0.43
ver2,114,2.35,0.10,0.41
ver2,115,1.82,0.08,0.44
ver2,116,2.17,0.09,0.43
ver2,117,1.54,0.08,0.42
ver2,118,1.57,0.08,0.43
ver2,119,1.57,0.07,0.44
ver2,120,1.16,0.10,0.39
ver2,121,1.35,0.09,0.40
ver2,122,2.75,0.09,0.42
ver2,123,1.48,0.07,0.43
ver2,124,2.20,0.08,0.43
ver2,125,1.79,0.09,0.41
ver2,126,1.59,0.08,0.42
ver2,127,1.40,0.07,0.43
ver2,128,1.71,0.09,0.41
ver2,129,1.84,0.08,0.43
ver2,130,3.36,0.09,0.44
ver2,131,2.16,0.09,0.42
ver2,132,1.87,0.08,0.42
ver2,133,1.95,0.09,0.42
ver2,134,2.84,0.07,0.45
ver2,135,2.32,0.08,0.43
ver2,136,1.48,0.08,0.41
ver2,137,1.41,0.07,0.42
ver2,138,1.46,0.08,0.42
ver2,139,1.89,0.08,0.42
ver2,140,2.57,0.09,0.40
ver2,141,3.90,0.07,0.44
ver2,142,1.98,0.09,0.41
ver2,143,2.24,0.06,0.44
ver2,144,1.67,0.09,0.41
ver2,145,1.45,0.09,0.41
ver2,146,1.57,0.09,0.41
ver2,147,1.89,0.08,0.43
ver2,148,2.02,0.07,0.43
ver2,149,2.82,0.08,0.43
ver2,150,2.18,0.10,0.41
ver2,151,2.52,0.07,0.43
ver2,152,1.38,0.08,0.42
ver2,153,1.46,0.08,0.42
ver2,154,2.10,0.09,0.41
ver2,155,2.94,0.07,0.48
ver2,156,2.13,0.08,0.42
ver2,157,2.33,0.08,0.43
ver2,158,1.41,0.08,0.41
ver2,159,1.85,0.09,0.42
ver2,160,1.57,0.07,0.43
ver2,161,2.68,0.09,0.42
ver2,162,1.35,0.08,0.43
ver2,163,1.49,0.09,0.41
ver2,164,1.39,0.08,0.42
ver2,165,1.82,0.07,0.44
ver2,166,0.77,0.07,0.43
ver2,167,1.43,0.09,0.42
ver2,168,1.61,0.09,0.43
ver2,169,1.96,0.08,0.46
ver2,170,1.22,0.09,0.42
ver2,171,1.23,0.07,0.44
ver2,172,1.47,0.10,0.41
ver2,173,1.21,0.09,0.42
ver2,174,1.42,0.09,0.43
ver2,175,1.41,0.08,0.43
ver2,176,2.31,0.08,0.44
ver2,177,2.12,0.07,0.45
ver2,178,2.13,0.07,0.46
ver2,179,1.44,0.08,0.44
ver2,180,1.64,0.08,0.41
ver2,181,1.88,0.09,0.42
ver2,182,1.76,0.07,0.45
ver2,183,1.73,0.08,0.43
ver2,184,1.57,0.09,0.43
ver2,185,2.16,0.09,0.44
ver2,186,1.34,0.08,0.43
ver2,187,1.68,0.09,0.43
ver2,188,1.57,0.10,0.43
ver2,189,1.30,0.07,0.45
ver2,190,1.34,0.08,0.43
ver2,191,1.28,0.08,0.43
ver2,192,1.62,0.10,0.42
ver2,193,1.35,0.09,0.43
ver2,194,1.27,0.09,0.42
ver2,195,1.44,0.10,0.42
ver2,196,1.73,0.09,0.43
ver2,197,1.89,0.07,0.43
ver2,198,2.30,0.10,0.42
ver2,199,2.66,0.09,0.42
ver2,200,2.00,0.07,0.44
ver2,201,1.57,0.08,0.45
ver2,202,1.78,0.10,0.42
ver2,203,1.36,0.07,0.43
ver2,204,1.39,0.08,0.41
ver2,205,1.31,0.09,0.41
ver2,206,2.00,0.07,0.44
ver2,207,1.99,0.08,0.43
ver2,208,2.18,0.10,0.41
ver2,209,3.10,0.08,0.45
ver2,210,2.66,0.09,0.43
ver2,211,2.48,0.09,0.41
ver2,212,2.03,0.09,0.41
ver2,213,3.17,0.10,0.43
ver2,214,1.34,0.08,0.42
ver2,215,1.33,0.08,0.43
ver2,216,1.53,0.09,0.43
ver2,217,1.41,0.09,0.41
ver2,218,1.83,0.08,0.44
ver2,219,1.70,0.08,0.45
ver2,220,1.57,0.07,0.45
ver2,221,1.69,0.08,0.44
ver2,222,1.48,0.09,0.43
ver2,223,1.23,0.09,0.43
ver2,224,1.22,0.09,0.43
ver2,225,1.29,0.07,0.44
ver2,226,1.85,0.08,0.44
ver2,227,1.92,0.09,0.44
ver2,228,1.82,0.08,0.43
ver2,229,1.41,0.09,0.42
ver2,230,1.71,0.08,0.44
ver2,231,1.79,0.09,0.43
ver2,232,1.36,0.11,0.41
ver2,233,1.58,0.10,0.41
ver2,234,1.97,0.08,0.46
ver2,235,1.93,0.08,0.44
ver2,236,1.37,0.07,0.43
ver2,237,1.50,0.08,0.43
ver2,238,1.18,0.07,0.44
ver2,239,1.49,0.08,0.42
ver2,240,2.21,0.09,0.42
ver2,241,2.41,0.08,0.44
ver2,242,1.42,0.08,0.41
ver2,243,2.32,0.09,0.44
ver2,244,1.63,0.07,0.44
ver2,245,1.85,0.08,0.44
ver2,246,1.16,0.08,0.43
ver2,247,2.27,0.08,0.46
ver2,248,1.45,0.09,0.43
ver2,249,1.53,0.08,0.43
ver2,250,1.33,0.10,0.41
ver2,251,1.89,0.09,0.42
ver2,252,1.77,0.07,0.45
ver2,253,1.70,0.09,0.42
ver2,254,2.37,0.08,0.43
ver2,255,1.12,0.08,0.43
ver2,256,1.86,0.09,0.43
ver2,257,1.46,0.09,0.43
ver2,258,1.79,0.08,0.44
ver2,259,1.21,0.08,0.43
ver2,260,1.42,0.08,0.42
ver2,261,1.32,0.08,0.43
ver2,262,1.34,0.09,0.40
ver2,263,1.49,0.09,0.43
ver2,264,2.07,0.08,0.43
ver2,265,2.60,0.07,0.44
ver2,266,2.16,0.07,0.45
ver2,267,2.22,0.09,0.42
ver2,268,1.79,0.07,0.44
ver2,269,2.33,0.07,0.43
ver2,270,2.46,0.08,0.43
ver2,271,1.54,0.10,0.40
ver2,272,2.03,0.10,0.41
ver2,273,2.06,0.09,0.42
ver2,274,2.06,0.09,0.43
ver2,275,2.05,0.08,0.43
ver2,276,2.16,0.07,0.45
ver2,277,2.20,0.07,0.44
ver2,278,1.67,0.09,0.41
ver2,279,1.82,0.07,0.44
ver2,280,1.39,0.07,0.44
ver2,281,2.59,0.08,0.44
ver2,282,2.29,0.09,0.42
ver2,283,1.73,0.07,0.44
ver2,284,1.60,0.10,0.41
ver2,285,1.40,0.08,0.43
ver2,286,1.87,0.08,0.45
ver2,287,1.75,0.08,0.44
ver2,288,1.67,0.09,0.43
ver2,289,1.25,0.09,0.43
ver2,290,1.65,0.08,0.44
ver2,291,1.67,0.10,0.42
ver2,292,1.32,0.07,0.44
ver2,293,1.55,0.09,0.41
ver2,294,1.22,0.08,0.44
ver2,295,1.77,0.09,0.43
ver2,296,1.27,0.08,0.43
ver2,297,1.80,0.07,0.46
ver2,298,1.71,0.09,0.44
ver2,299,1.42,0.07,0.45
ver2,300,1.46,0.09,0.43
ver2,301,1.39,0.09,0.43
ver2,302,1.50,0.10,0.42
ver2,303,1.63,0.09,0.43
ver2,304,1.73,0.08,0.44
ver2,305,2.25,0.09,0.45
ver2,306,1.84,0.08,0.44
ver2,307,2.01,0.08,0.45
ver2,308,1.44,0.11,0.41
ver2,309,2.03,0.09,0.45
ver2,310,1.76,0.08,0.44
ver2,311,1.63,0.10,0.43
ver2,312,1.52,0.09,0.43
ver2,313,1.38,0.08,0.44
ver2,314,1.26,0.09,0.42
ver2,315,1.33,0.10,0.42
ver2,316,1.22,0.08,0.42
ver2,317,1.31,0.10,0.42
ver2,318,1.81,0.09,0.44
ver2,319,2.33,0.10,0.42
ver2,320,2.28,0.09,0.42
ver2,321,1.60,0.08,0.43
ver2,322,1.41,0.08,0.44
ver2,323,1.38,0.07,0.48
ver2,324,1.64,0.09,0.42
ver2,325,1.91,0.07,0.43
ver2,326,2.20,0.08,0.44
ver2,327,2.68,0.07,0.45
ver2,328,1.64,0.08,0.43
ver2,329,1.55,0.07,0.44
ver2,330,1.87,0.08,0.44
ver2,331,2.43,0.07,0.45
ver2,332,1.22,0.08,0.41
ver2,333,1.41,0.08,0.42
ver2,334,1.83,0.09,0.43
ver2,335,2.79,0.07,0.45
ver2,336,1.61,0.08,0.42
ver2,337,2.25,0.07,0.45
ver2,338,1.45,0.08,0.41
ver2,339,1.96,0.08,0.43
ver2,340,1.52,0.07,0.43
ver2,341,2.25,0.10,0.40
ver2,342,2.67,0.09,0.43
ver2,343,2.45,0.08,0.41
ver2,344,4.16,0.09,0.44
ver2,345,2.46,0.08,0.45
ver2,346,2.79,0.09,0.43
ver2,347,2.30,0.09,0.43
ver2,348,2.08,0.09,0.43
ver2,349,2.02,0.09,0.43
ver2,350,2.05,0.10,0.42
ver2,351,1.73,0.09,0.43
ver2,352,1.26,0.09,0.42
ver2,353,1.17,0.08,0.42
ver2,354,2.49,0.07,0.45
ver2,355,1.60,0.08,0.44
ver2,356,1.38,0.08,0.45
ver2,357,1.72,0.09,0.43
ver2,358,1.19,0.08,0.44
ver2,359,1.47,0.08,0.44
ver2,360,1.37,0.10,0.42
ver2,361,1.72,0.07,0.45
ver2,362,1.80,0.07,0.46
ver2,363,1.54,0.09,0.42
ver2,364,1.65,0.10,0.42
ver2,365,1.71,0.07,0.46
ver2,366,1.43,0.08,0.44
ver2,367,1.90,0.08,0.45
ver2,368,1.33,0.09,0.43
ver2,369,1.81,0.08,0.45
ver2,370,1.24,0.07,0.44
ver2,371,1.72,0.09,0.45
ver2,372,1.40,0.07,0.46
ver2,373,1.15,0.08,0.43
ver2,374,1.15,0.07,0.45
ver2,375,1.22,0.08,0.45
ver2,376,1.09,0.07,0.44
ver2,377,1.54,0.08,0.44
ver2,378,1.56,0.10,0.42
ver2,379,1.42,0.09,0.44
ver2,380,1.45,0.08,0.44
ver2,381,1.74,0.10,0.43
ver2,382,1.71,0.10,0.42
ver2,383,1.67,0.08,0.45
ver2,384,1.25,0.08,0.44
ver2,385,1.37,0.08,0.43
ver2,386,1.57,0.08,0.44
ver2,387,1.16,0.07,0.43
ver2,388,1.60,0.08,0.44
ver2,389,1.58,0.07,0.44
ver2,390,1.46,0.05,0.47
ver2,391,1.71,0.08,0.44
ver2,392,1.53,0.07,0.45
ver2,393,1.23,0.08,0.43
ver2,394,1.45,0.07,0.44
ver2,395,1.69,0.08,0.45
ver2,396,1.36,0.06,0.46
ver2,397,1.99,0.08,0.45
ver2,398,2.12,0.09,0.43
ver2,399,1.37,0.09,0.42
ver2,400,1.11,0.07,0.44
ver2,401,1.43,0.08,0.43
ver2,402,1.14,0.09,0.42
ver2,403,1.12,0.07,0.44
ver2,404,1.48,0.07,0.44
ver2,405,1.33,0.08,0.43
ver2,406,1.51,0.10,0.43
ver2,407,1.17,0.07,0.45
ver2,408,1.63,0.09,0.42
ver2,409,1.35,0.09,0.42
ver2,410,1.79,0.09,0.42
ver2,411,2.09,0.07,0.45
ver2,412,2.02,0.10,0.42
ver2,413,2.42,0.09,0.43
ver2,414,1.30,0.07,0.46
ver2,415,1.29,0.09,0.43
ver2,416,1.29,0.09,0.43
ver2,417,1.37,0.08,0.43
ver2,418,1.56,0.08,0.44
ver2,419,1.55,0.08,0.45
ver2,420,1.41,0.07,0.44
ver2,421,1.49,0.08,0.45
ver2,422,1.36,0.09,0.43
ver2,423,1.46,0.09,0.43
ver2,424,1.90,0.07,0.45
ver2,425,1.41,0.09,0.41
ver2,426,1.27,0.08,0.43
ver2,427,1.50,0.08,0.43
ver2,428,1.25,0.09,0.42
ver2,429,1.20,0.08,0.43
ver2,430,1.20,0.08,0.43
ver2,431,1.32,0.08,0.43
ver2,432,1.41,0.08,0.45
ver2,433,1.18,0.09,0.42
ver2,434,1.47,0.09,0.43
ver2,435,1.37,0.09,0.43
ver2,436,1.64,0.08,0.44
ver2,437,1.70,0.10,0.48
ver2,438,1.26,0.07,0.45
ver2,439,1.60,0.08,0.45
ver2,440,1.53,0.07,0.45
ver2,441,1.52,0.09,0.43
ver2,442,1.11,0.08,0.43
ver2,443,1.54,0.08,0.44
ver2,444,1.34,0.09,0.44
ver2,445,1.30,0.06,0.46
ver2,446,1.36,0.08,0.45
ver2,447,1.34,0.07,0.46
ver2,448,1.52,0.07,0.46
ver2,449,1.17,0.08,0.43
ver2,450,1.22,0.09,0.43
ver2,451,1.37,0.09,0.43
ver2,452,1.16,0.06,0.44
ver2,453,1.19,0.06,0.46
ver2,454,1.17,0.09,0.44
ver2,455,1.25,0.08,0.44
ver2,456,1.11,0.08,0.43
ver2,457,1.29,0.08,0.44
ver2,458,1.07,0.07,0.44
ver2,459,1.30,0.08,0.43
ver2,460,1.34,0.09,0.42
ver2,461,1.18,0.09,0.42
ver2,462,1.10,0.07,0.44
ver2,463,1.19,0.08,0.44
ver2,464,1.27,0.08,0.44
ver2,465,1.40,0.08,0.44
ver2,466,1.45,0.08,0.44
ver2,467,1.35,0.08,0.44
ver2,468,1.13,0.08,0.43
ver2,469,1.14,0.07,0.44
ver2,470,1.30,0.08,0.43
ver2,471,1.18,0.08,0.43
ver2,472,1.22,0.08,0.43
ver2,473,1.37,0.07,0.44
ver2,474,1.19,0.09,0.42
ver2,475,1.29,0.09,0.42
ver2,476,1.45,0.07,0.45
ver2,477,1.44,0.09,0.43
ver2,478,1.52,0.08,0.45
ver2,479,1.43,0.08,0.43
ver2,480,1.33,0.08,0.44
ver2,481,1.75,0.09,0.43
ver2,482,1.63,0.08,0.42
ver2,483,1.67,0.09,0.42
ver2,484,2.24,0.08,0.47
ver2,485,1.39,0.09,0.43
ver2,486,1.17,0.09,0.42
ver2,487,1.42,0.09,0.43
ver2,488,1.74,0.09,0.44
ver2,489,1.27,0.09,0.43
ver2,490,1.09,0.07,0.44
ver2,491,1.25,0.08,0.45
ver2,492,1.18,0.08,0.44
ver2,493,1.23,0.06,0.45
ver2,494,1.62,0.07,0.44
ver2,495,1.34,0.07,0.44
ver2,496,1.18,0.06,0.45
ver2,497,1.26,0.09,0.42
ver2,498,1.54,0.10,0.42
ver2,499,1.70,0.07,0.44
ver2,500,1.08,0.08,0.43
ver2,501,1.63,0.10,0.43
ver2,502,1.11,0.08,0.44
ver2,503,1.12,0.07,0.45
ver2,504,1.44,0.08,0.44
ver2,505,1.20,0.07,0.45
ver2,506,1.17,0.08,0.42
ver2,507,1.31,0.08,0.43
ver2,508,1.33,0.09,0.43
ver2,509,1.42,0.09,0.42
ver2,510,1.37,0.06,0.45
ver2,511,1.88,0.08,0.46
ver2,512,1.92,0.07,0.45
ver2,513,2.51,0.07,0.47
ver2,514,2.09,0.09,0.44
ver2,515,1.92,0.08,0.46
ver2,516,1.47,0.08,0.42
ver2,517,1.26,0.08,0.44
ver2,518,1.64,0.09,0.43
ver2,519,1.41,0.10,0.42
ver2,520,1.54,0.08,0.44
ver2,521,1.02,0.08,0.43
ver2,522,1.24,0.07,0.46
ver2,523,1.42,0.08,0.43
ver2,524,1.61,0.08,0.44
ver2,525,1.16,0.08,0.43
ver2,526,1.20,0.09,0.43
ver2,527,1.28,0.08,0.42
ver2,528,1.76,0.09,0.44
ver2,529,2.07,0.07,0.47
ver2,530,1.57,0.08,0.43
ver2,531,1.38,0.08,0.43
ver2,532,1.39,0.07,0.43
ver2,533,1.41,0.09,0.43
ver2,534,1.09,0.09,0.41
ver2,535,1.45,0.08,0.44
ver2,536,1.11,0.08,0.42
ver2,537,1.66,0.07,0.46
ver2,538,1.21,0.08,0.43
ver2,539,1.30,0.09,0.43
ver2,540,1.51,0.08,0.44
ver2,541,1.52,0.08,0.44
ver2,542,1.59,0.08,0.44
ver2,543,1.35,0.08,0.44
ver2,544,1.48,0.08,0.44
ver2,545,1.25,0.09,0.43
ver2,546,1.20,0.08,0.46
ver2,547,1.21,0.09,0.43
ver2,548,1.16,0.07,0.44
ver2,549,1.37,0.08,0.45
ver2,550,1.29,0.08,0.43
ver2,551,1.30,0.07,0.45
ver2,552,1.60,0.08,0.44
ver2,553,1.78,0.08,0.45
ver2,554,1.38,0.09,0.42
ver2,555,1.36,0.10,0.42
ver2,556,1.24,0.08,0.44
ver2,557,1.13,0.08,0.42
ver2,558,1.45,0.08,0.42
ver2,559,1.54,0.08,0.43
ver2,560,1.46,0.07,0.44
ver2,561,1.72,0.08,0.45
ver2,562,1.26,0.08,0.44
ver2,563,1.46,0.10,0.42
ver2,564,1.80,0.07,0.45
ver2,565,1.48,0.08,0.43
ver2,566,1.73,0.09,0.42
ver2,567,2.58,0.08,0.44
ver2,568,1.47,0.09,0.42
ver2,569,1.05,0.09,0.41
ver2,570,2.06,0.08,0.42
ver2,571,2.63,0.07,0.45
ver2,572,1.96,0.08,0.44
ver2,573,2.23,0.09,0.43
ver2,574,1.46,0.08,0.44
ver2,575,1.53,0.08,0.43
ver2,576,1.75,0.09,0.43
ver2,577,1.22,0.10,0.41
ver2,578,1.37,0.07,0.42
ver2,579,1.27,0.08,0.41
ver2,580,1.20,0.10,0.41
ver2,581,1.16,0.08,0.43
ver2,582,3.98,0.09,0.44
ver2,583,2.51,0.09,0.42
ver2,584,1.43,0.09,0.42
ver2,585,3.08,0.10,0.42
ver2,586,3.62,0.09,0.44
ver2,587,1.58,0.08,0.43
ver2,588,2.76,0.07,0.45
ver2,589,1.33,0.09,0.41
ver2,590,1.67,0.08,0.42
ver2,591,3.96,0.08,0.44
ver2,592,1.34,0.09,0.41
ver2,593,2.53,0.08,0.42
ver2,594,1.68,0.08,0.41
ver2,595,1.38,0.06,0.44
ver2,596,2.15,0.08,0.43
ver2,597,2.33,0.09,0.43
ver2,598,2.55,0.09,0.42
ver2,599,1.76,0.09,0.43
ver2,600,2.91,0.08,0.45
ver2,601,1.42,0.10,0.41
ver2,602,1.46,0.08,0.43
ver2,603,1.44,0.09,0.42
ver2,604,1.83,0.08,0.45
ver2,605,1.41,0.08,0.43
ver2,606,1.83,0.08,0.44
ver2,607,1.72,0.07,0.44
ver2,608,1.47,0.09,0.44
ver2,609,1.14,0.08,0.43
ver2,610,1.24,0.08,0.43
ver2,611,1.20,0.08,0.44
ver2,612,1.20,0.07,0.44
ver2,613,1.47,0.07,0.45
ver2,614,1.77,0.09,0.43
ver2,615,1.33,0.09,0.43
ver2,616,1.35,0.07,0.43
ver2,617,1.58,0.09,0.43
ver2,618,1.42,0.07,0.44
ver2,619,2.77,0.09,0.44
ver2,620,3.87,0.08,0.44
ver2,621,2.46,0.09,0.44
ver2,622,2.06,0.08,0.42
ver2,623,2.81,0.08,0.43
ver2,624,2.19,0.09,0.42
ver2,625,1.60,0.07,0.42
ver2,626,2.69,0.08,0.44
ver2,627,2.04,0.09,0.43
ver2,628,2.51,0.08,0.43
ver2,629,3.20,0.07,0.46
ver2,630,2.49,0.07,0.44
ver2,631,2.03,0.09,0.43
ver2,632,1.64,0.09,0.40
ver2,633,1.53,0.09,0.41
ver2,634,2.49,0.09,0.42
ver2,635,1.24,0.08,0.42
ver2,636,1.53,0.07,0.43
ver2,637,2.21,0.07,0.44
ver2,638,1.54,0.10,0.41
ver2,639,1.55,0.09,0.42
ver2,640,1.57,0.08,0.42
ver2,641,1.46,0.09,0.42
ver2,642,2.10,0.09,0.42
ver2,643,1.68,0.07,0.43
ver2,644,1.56,0.08,0.42
ver2,645,1.12,0.06,0.44
ver2,646,1.22,0.08,0.41
ver2,647,1.03,0.08,0.42
ver2,648,1.44,0.08,0.42
ver2,649,1.20,0.09,0.41
ver2,650,1.42,0.07,0.43
ver2,651,1.39,0.07,0.44
ver2,652,1.38,0.07,0.43
ver2,653,1.10,0.08,0.43
ver2,654,1.36,0.07,0.44
ver2,655,1.44,0.09,0.42
ver2,656,1.29,0.08,0.42
ver2,657,1.36,0.08,0.42
ver2,658,1.24,0.07,0.43
ver2,659,1.39,0.09,0.41
ver2,660,1.69,0.08,0.41
ver2,661,1.47,0.08,0.43
ver2,662,1.75,0.10,0.40
ver2,663,1.44,0.08,0.43
ver2,664,1.91,0.09,0.42
ver2,665,3.43,0.10,0.48
ver2,666,3.41,0.09,0.45
ver2,667,1.67,0.09,0.42
ver2,668,1.70,0.09,0.42
ver2,669,3.21,0.08,0.45
ver2,670,1.89,0.08,0.42
ver2,671,1.62,0.08,0.43
ver2,672,1.31,0.09,0.41
ver2,673,1.94,0.08,0.42
ver2,674,1.99,0.08,0.42
ver2,675,1.54,0.09,0.42
ver2,676,2.34,0.08,0.44
ver2,677,1.18,0.08,0.43
ver2,678,1.73,0.08,0.42
ver2,679,1.82,0.10,0.41
ver2,680,1.40,0.08,0.42
ver2,681,2.88,0.10,0.42
ver2,682,2.40,0.08,0.43
ver2,683,1.60,0.08,0.42
ver2,684,1.29,0.09,0.42
ver2,685,1.90,0.09,0.43
ver2,686,1.40,0.07,0.44
ver2,687,2.04,0.08,0.44
ver2,688,2.72,0.09,0.45
ver2,689,1.45,0.09,0.42
ver2,690,3.56,0.08,0.43
ver2,691,2.28,0.08,0.42
ver2,692,1.49,0.08,0.43
ver2,693,2.20,0.08,0.44
ver2,694,2.04,0.08,0.44
ver2,695,1.99,0.09,0.43
ver2,696,2.10,0.08,0.43
ver2,697,2.05,0.07,0.45
ver2,698,1.47,0.08,0.42
ver2,699,1.97,0.08,0.43
ver2,700,2.41,0.09,0.43
ver2,701,3.35,0.11,0.42
ver2,702,2.20,0.06,0.45
ver2,703,2.21,0.10,0.41
ver2,704,2.59,0.08,0.44
ver2,705,2.26,0.08,0.43
ver2,706,1.20,0.08,0.41
ver2,707,1.05,0.08,0.40
ver2,708,1.94,0.07,0.44
ver2,709,2.08,0.07,0.45
ver2,710,1.82,0.08,0.42
ver2,711,1.26,0.08,0.41
ver2,712,1.12,0.09,0.41
ver2,713,1.18,0.09,0.40
ver2,714,1.92,0.07,0.43
ver2,715,2.13,0.08,0.44
ver2,716,1.80,0.08,0.43
ver2,717,1.33,0.07,0.43
ver2,718,1.25,0.06,0.45
ver2,719,1.16,0.07,0.43
ver2,720,1.77,0.08,0.43
ver2,721,2.08,0.09,0.42
ver2,722,2.32,0.07,0.44
ver2,723,1.54,0.09,0.42
ver2,724,1.20,0.09,0.40
ver2,725,1.32,0.08,0.41
ver2,726,1.83,0.09,0.43
ver2,727,1.52,0.07,0.44
ver2,728,1.79,0.07,0.44
ver2,729,1.09,0.08,0.42
ver2,730,1.19,0.08,0.42
ver2,731,1.71,0.09,0.41
ver2,732,1.19,0.08,0.42
ver2,733,1.56,0.08,0.43
ver2,734,2.39,0.08,0.43
ver2,735,2.75,0.07,0.46
ver2,736,1.70,0.10,0.41
ver2,737,1.20,0.08,0.43
ver2,738,1.29,0.07,0.44
ver2,739,1.31,0.07,0.43
ver2,740,2.34,0.09,0.42
ver2,741,1.56,0.09,0.42
ver2,742,1.84,0.10,0.42
ver2,743,3.64,0.10,0.43
ver2,744,2.24,0.09,0.41
ver2,745,1.15,0.10,0.41
ver2,746,1.24,0.08,0.43
ver2,747,1.25,0.09,0.41
ver2,748,1.68,0.09,0.41
ver2,749,1.63,0.08,0.43
ver2,750,1.32,0.09,0.41
ver2,751,1.16,0.08,0.42
ver2,752,1.59,0.10,0.40
ver2,753,1.39,0.08,0.42
ver2,754,2.40,0.08,0.45
ver2,755,2.69,0.08,0.45
ver2,756,2.05,0.07,0.46
ver2,757,2.45,0.09,0.43
ver2,758,4.10,0.08,0.44
ver2,759,2.90,0.07,0.44
ver2,760,4.73,0.09,0.44
ver2,761,1.82,0.09,0.42
ver2,762,1.65,0.07,0.44
ver2,763,1.94,0.10,0.41
ver2,764,1.33,0.10,0.41
ver2,765,3.29,0.09,0.43
ver2,766,1.88,0.09,0.42
ver2,767,1.40,0.07,0.43
ver2,768,2.01,0.08,0.44
ver2,769,2.41,0.09,0.42
ver2,770,3.39,0.09,0.43
ver2,771,2.06,0.09,0.40
ver2,772,3.16,0.08,0.43
ver2,773,0.98,0.07,0.42
ver2,774,3.29,0.09,0.43
ver2,775,2.41,0.09,0.43
ver2,776,3.33,0.08,0.42
ver2,777,3.72,0.07,0.45
ver2,778,2.22,0.07,0.44
ver2,779,3.97,0.10,0.44
ver2,780,2.38,0.09,0.43
ver2,781,2.01,0.07,0.44
ver2,782,1.44,0.08,0.42
ver2,783,1.32,0.08,0.42
ver2,784,1.84,0.07,0.44
ver2,785,1.15,0.08,0.42
ver2,786,1.65,0.08,0.42
ver2,787,1.88,0.08,0.43
ver2,788,3.36,0.09,0.43
ver2,789,2.74,0.09,0.40
ver2,790,2.41,0.07,0.42
ver2,791,1.61,0.07,0.41
ver2,792,1.60,0.07,0.43
ver2,793,1.68,0.08,0.42
ver2,794,3.05,0.10,0.40
ver2,795,2.37,0.08,0.43
ver2,796,2.01,0.09,0.42
ver2,797,1.61,0.09,0.40
ver2,798,4.59,0.07,0.44
ver2,799,2.29,0.08,0.43
ver2,800,2.65,0.08,0.44
ver2,801,2.12,0.07,0.44
ver2,802,1.36,0.08,0.42
ver2,803,1.66,0.07,0.45
ver2,804,1.59,0.08,0.45
ver2,805,1.79,0.09,0.42
ver2,806,1.21,0.08,0.43
ver2,807,1.46,0.08,0.40
ver2,808,1.65,0.08,0.42
ver2,809,1.35,0.08,0.43
ver2,810,2.37,0.08,0.42
ver2,811,1.62,0.09,0.43
ver2,812,1.96,0.07,0.45
ver2,813,1.76,0.09,0.44
ver2,814,2.00,0.07,0.44
ver2,815,1.09,0.08,0.42
ver2,816,1.25,0.08,0.42
ver2,817,1.47,0.07,0.44
ver2,818,1.10,0.10,0.41
ver2,819,1.33,0.08,0.42
ver2,820,1.07,0.09,0.40
ver2,821,1.36,0.07,0.44
ver2,822,1.11,0.08,0.41
ver2,823,1.44,0.08,0.43
ver2,824,1.31,0.09,0.42
ver2,825,1.60,0.10,0.41
ver2,826,1.31,0.08,0.42
ver2,827,1.31,0.10,0.41
ver2,828,1.85,0.08,0.45
ver2,829,1.56,0.08,0.43
ver2,830,2.35,0.09,0.43
ver2,831,2.76,0.07,0.46
ver2,832,1.69,0.08,0.44
ver2,833,1.23,0.09,0.41
ver2,834,1.57,0.08,0.43
ver2,835,1.83,0.09,0.44
ver2,836,1.37,0.08,0.43
ver2,837,1.11,0.09,0.38
ver2,838,1.26,0.08,0.41
ver2,839,1.85,0.08,0.45
ver2,840,1.31,0.08,0.44
ver2,841,1.59,0.08,0.41
ver2,842,1.11,0.09,0.38
ver2,843,1.10,0.06,0.45
ver2,844,1.16,0.08,0.43
ver2,845,1.75,0.08,0.41
ver2,846,1.19,0.08,0.44
ver2,847,1.43,0.08,0.44
ver2,848,2.06,0.08,0.45
ver2,849,1.60,0.07,0.45
ver2,850,1.26,0.08,0.42
ver2,851,1.15,0.09,0.41
ver2,852,1.23,0.08,0.41
ver2,853,1.26,0.08,0.42
ver2,854,1.12,0.09,0.41
ver2,855,1.22,0.07,0.42
ver2,856,2.39,0.08,0.41
ver2,857,1.26,0.08,0.43
ver2,858,1.16,0.08,0.43
ver2,859,1.13,0.07,0.42
ver2,860,1.30,0.07,0.42
ver2,861,1.64,0.06,0.45
ver2,862,1.44,0.09,0.41
ver2,863,1.55,0.08,0.42
ver2,864,1.86,0.08,0.44
ver2,865,1.60,0.08,0.42
ver2,866,1.88,0.08,0.45
ver2,867,1.93,0.08,0.45
ver2,868,1.97,0.09,0.44
ver2,869,2.36,0.08,0.44
ver2,870,2.52,0.08,0.42
ver2,871,1.55,0.08,0.44
ver2,872,2.05,0.08,0.43
ver2,873,1.70,0.08,0.42
ver2,874,1.64,0.08,0.44
ver2,875,1.29,0.09,0.43
ver2,876,1.13,0.08,0.43
ver2,877,1.07,0.08,0.42
ver2,878,1.20,0.07,0.43
ver2,879,1.81,0.09,0.43
ver2,880,1.86,0.09,0.43
ver2,881,1.85,0.10,0.42
ver2,882,1.54,0.07,0.43
ver2,883,1.97,0.08,0.43
ver2,884,1.71,0.08,0.44
ver2,885,1.38,0.09,0.45
ver2,886,1.07,0.08,0.42
ver2,887,1.44,0.08,0.44
ver2,888,1.46,0.08,0.44
ver2,889,1.58,0.09,0.44
ver2,890,1.93,0.09,0.43
ver2,891,2.14,0.09,0.45
ver2,892,1.54,0.07,0.44
ver2,893,1.36,0.09,0.43
ver2,894,1.22,0.07,0.43
ver2,895,1.86,0.08,0.45
ver2,896,1.19,0.09,0.43
ver2,897,1.12,0.08,0.44
ver2,898,1.19,0.08,0.43
ver2,899,1.08,0.08,0.42
ver2,900,1.44,0.08,0.44
ver2,901,1.26,0.08,0.43
ver2,902,1.18,0.08,0.42
ver2,903,1.21,0.08,0.43
ver2,904,1.56,0.07,0.45
ver2,905,1.31,0.09,0.42
ver2,906,1.49,0.08,0.46
ver2,907,1.18,0.09,0.40
ver2,908,1.25,0.10,0.40
ver2,909,1.33,0.08,0.43
ver2,910,1.23,0.07,0.45
ver2,911,1.45,0.07,0.43
ver2,912,1.24,0.08,0.43
ver2,913,1.32,0.08,0.43
ver2,914,1.21,0.09,0.43
ver2,915,1.58,0.08,0.43
ver2,916,1.41,0.09,0.43
ver2,917,1.52,0.09,0.43
ver2,918,1.21,0.08,0.42
ver2,919,2.00,0.11,0.42
ver2,920,1.87,0.10,0.43
ver2,921,1.55,0.08,0.45
ver2,922,1.33,0.09,0.43
ver2,923,1.30,0.08,0.44
ver2,924,1.48,0.07,0.44
ver2,925,2.09,0.10,0.44
ver2,926,1.52,0.09,0.43
ver2,927,1.30,0.09,0.43
ver2,928,1.20,0.09,0.42
ver2,929,1.22,0.09,0.41
ver2,930,1.32,0.09,0.43
ver2,931,2.18,0.09,0.46
ver2,932,1.63,0.08,0.44
ver2,933,1.35,0.08,0.44
ver2,934,1.09,0.07,0.44
ver2,935,1.32,0.10,0.41
ver2,936,1.65,0.06,0.46
ver2,937,1.48,0.07,0.45
ver2,938,1.66,0.08,0.46
ver2,939,1.37,0.08,0.43
ver2,940,1.28,0.08,0.43
ver2,941,1.25,0.08,0.43
ver2,942,1.30,0.08,0.44
ver2,943,1.48,0.10,0.42
ver2,944,0.97,0.08,0.40
ver2,945,1.22,0.09,0.42
ver2,946,1.09,0.10,0.41
ver2,947,1.86,0.10,0.43
ver2,948,1.66,0.08,0.45
ver2,949,1.41,0.09,0.42
ver2,950,1.49,0.09,0.43
ver2,951,1.68,0.08,0.45
ver2,952,1.33,0.09,0.42
ver2,953,2.11,0.09,0.45
ver2,954,1.27,0.09,0.42
ver2,955,1.48,0.08,0.44
ver2,956,1.47,0.08,0.45
ver2,957,1.32,0.07,0.44
ver2,958,1.26,0.08,0.43
ver2,959,1.21,0.08,0.44
ver2,960,1.06,0.09,0.41
ver2,961,2.19,0.08,0.45
ver2,962,1.41,0.07,0.47
ver2,963,1.32,0.08,0.44
ver2,964,1.17,0.09,0.42
ver2,965,1.40,0.09,0.42
ver2,966,1.28,0.08,0.42
ver2,967,1.44,0.08,0.45
ver2,968,1.12,0.07,0.45
ver2,969,1.27,0.08,0.43
ver2,970,1.21,0.09,0.43
ver2,971,1.09,0.08,0.41
ver2,972,1.49,0.08,0.43
ver2,973,1.26,0.07,0.44
ver2,974,1.31,0.08,0.44
ver2,975,1.36,0.09,0.43
ver2,976,1.63,0.09,0.44
ver2,977,1.31,0.08,0.43
ver2,978,1.37,0.08,0.43
ver2,979,1.48,0.08,0.45
ver2,980,1.60,0.08,0.44
ver2,981,1.78,0.11,0.42
ver2,982,1.15,0.08,0.43
ver2,983,1.27,0.09,0.41
ver2,984,2.58,0.09,0.46
ver2,985,1.26,0.09,0.41
ver2,986,1.79,0.09,0.42
ver2,987,1.38,0.10,0.41
ver2,988,1.79,0.08,0.43
ver2,989,1.40,0.07,0.44
ver2,990,1.30,0.08,0.43
ver2,991,1.68,0.09,0.44
ver2,992,1.45,0.09,0.43
ver2,993,1.58,0.09,0.43
ver2,994,1.76,0.08,0.46
ver2,995,1.46,0.09,0.42
ver2,996,1.48,0.08,0.44
ver2,997,1.10,0.08,0.42
ver2,998,1.04,0.08,0.42
ver2,999,1.65,0.09,0.43
ver2,1000,1.92,0.10,0.41
